-- phpMyAdmin SQL Dump
-- version 5.2.0
-- https://www.phpmyadmin.net/
--
-- Host: localhost:3306
-- Generation Time: Jan 19, 2025 at 01:49 PM
-- Server version: 8.0.30
-- PHP Version: 8.3.8

SET SQL_MODE = "NO_AUTO_VALUE_ON_ZERO";
START TRANSACTION;
SET time_zone = "+00:00";


/*!40101 SET @OLD_CHARACTER_SET_CLIENT=@@CHARACTER_SET_CLIENT */;
/*!40101 SET @OLD_CHARACTER_SET_RESULTS=@@CHARACTER_SET_RESULTS */;
/*!40101 SET @OLD_COLLATION_CONNECTION=@@COLLATION_CONNECTION */;
/*!40101 SET NAMES utf8mb4 */;

--
-- Database: `persewaanmobil`
--

-- --------------------------------------------------------

--
-- Table structure for table `cache`
--

CREATE TABLE `cache` (
  `key` varchar(255) COLLATE utf8mb4_unicode_ci NOT NULL,
  `value` mediumtext COLLATE utf8mb4_unicode_ci NOT NULL,
  `expiration` int NOT NULL
) ENGINE=InnoDB DEFAULT CHARSET=utf8mb4 COLLATE=utf8mb4_unicode_ci;

--
-- Dumping data for table `cache`
--

INSERT INTO `cache` (`key`, `value`, `expiration`) VALUES
('0b5ed025495008a307f6b06dd1e4cce2', 'i:1;', 1737243664),
('0b5ed025495008a307f6b06dd1e4cce2:timer', 'i:1737243664;', 1737243664),
('83a9cd9abdb94ecec29e5b10b9690675', 'i:1;', 1737283192),
('83a9cd9abdb94ecec29e5b10b9690675:timer', 'i:1737283192;', 1737283192),
('c30c04dda33f9128ab5392ed996a833c', 'i:1;', 1737283028),
('c30c04dda33f9128ab5392ed996a833c:timer', 'i:1737283028;', 1737283028),
('spatie.permission.cache', 'a:3:{s:5:\"alias\";a:4:{s:1:\"a\";s:2:\"id\";s:1:\"b\";s:4:\"name\";s:1:\"c\";s:10:\"guard_name\";s:1:\"r\";s:5:\"roles\";}s:11:\"permissions\";a:3:{i:0;a:3:{s:1:\"a\";i:1;s:1:\"b\";s:11:\"manage cars\";s:1:\"c\";s:3:\"web\";}i:1;a:4:{s:1:\"a\";i:2;s:1:\"b\";s:14:\"manage rentals\";s:1:\"c\";s:3:\"web\";s:1:\"r\";a:2:{i:0;i:1;i:1;i:2;}}i:2;a:3:{s:1:\"a\";i:3;s:1:\"b\";s:17:\"manage rentalsAll\";s:1:\"c\";s:3:\"web\";}}s:5:\"roles\";a:2:{i:0;a:3:{s:1:\"a\";i:1;s:1:\"b\";s:5:\"admin\";s:1:\"c\";s:3:\"web\";}i:1;a:3:{s:1:\"a\";i:2;s:1:\"b\";s:4:\"user\";s:1:\"c\";s:3:\"web\";}}}', 1737302896);

-- --------------------------------------------------------

--
-- Table structure for table `cache_locks`
--

CREATE TABLE `cache_locks` (
  `key` varchar(255) COLLATE utf8mb4_unicode_ci NOT NULL,
  `owner` varchar(255) COLLATE utf8mb4_unicode_ci NOT NULL,
  `expiration` int NOT NULL
) ENGINE=InnoDB DEFAULT CHARSET=utf8mb4 COLLATE=utf8mb4_unicode_ci;

-- --------------------------------------------------------

--
-- Table structure for table `cars`
--

CREATE TABLE `cars` (
  `id` bigint UNSIGNED NOT NULL,
  `brand` varchar(255) COLLATE utf8mb4_unicode_ci NOT NULL,
  `model` varchar(255) COLLATE utf8mb4_unicode_ci NOT NULL,
  `license_plate` varchar(255) COLLATE utf8mb4_unicode_ci NOT NULL,
  `rental_rate` decimal(10,2) NOT NULL,
  `status` enum('available','rented') COLLATE utf8mb4_unicode_ci NOT NULL DEFAULT 'available',
  `created_at` timestamp NULL DEFAULT NULL,
  `updated_at` timestamp NULL DEFAULT NULL
) ENGINE=InnoDB DEFAULT CHARSET=utf8mb4 COLLATE=utf8mb4_unicode_ci;

--
-- Dumping data for table `cars`
--

INSERT INTO `cars` (`id`, `brand`, `model`, `license_plate`, `rental_rate`, `status`, `created_at`, `updated_at`) VALUES
(1, 'Toyota', 'Type A', 'DD  1234 CC', '900000.00', 'rented', '2025-01-18 08:09:13', '2025-01-19 03:32:02'),
(2, 'Fuso', 'Type D', 'DN 8595 DR', '100000.00', 'available', '2025-01-18 16:07:42', '2025-01-19 02:55:56');

-- --------------------------------------------------------

--
-- Table structure for table `failed_jobs`
--

CREATE TABLE `failed_jobs` (
  `id` bigint UNSIGNED NOT NULL,
  `uuid` varchar(255) COLLATE utf8mb4_unicode_ci NOT NULL,
  `connection` text COLLATE utf8mb4_unicode_ci NOT NULL,
  `queue` text COLLATE utf8mb4_unicode_ci NOT NULL,
  `payload` longtext COLLATE utf8mb4_unicode_ci NOT NULL,
  `exception` longtext COLLATE utf8mb4_unicode_ci NOT NULL,
  `failed_at` timestamp NOT NULL DEFAULT CURRENT_TIMESTAMP
) ENGINE=InnoDB DEFAULT CHARSET=utf8mb4 COLLATE=utf8mb4_unicode_ci;

-- --------------------------------------------------------

--
-- Table structure for table `jobs`
--

CREATE TABLE `jobs` (
  `id` bigint UNSIGNED NOT NULL,
  `queue` varchar(255) COLLATE utf8mb4_unicode_ci NOT NULL,
  `payload` longtext COLLATE utf8mb4_unicode_ci NOT NULL,
  `attempts` tinyint UNSIGNED NOT NULL,
  `reserved_at` int UNSIGNED DEFAULT NULL,
  `available_at` int UNSIGNED NOT NULL,
  `created_at` int UNSIGNED NOT NULL
) ENGINE=InnoDB DEFAULT CHARSET=utf8mb4 COLLATE=utf8mb4_unicode_ci;

-- --------------------------------------------------------

--
-- Table structure for table `job_batches`
--

CREATE TABLE `job_batches` (
  `id` varchar(255) COLLATE utf8mb4_unicode_ci NOT NULL,
  `name` varchar(255) COLLATE utf8mb4_unicode_ci NOT NULL,
  `total_jobs` int NOT NULL,
  `pending_jobs` int NOT NULL,
  `failed_jobs` int NOT NULL,
  `failed_job_ids` longtext COLLATE utf8mb4_unicode_ci NOT NULL,
  `options` mediumtext COLLATE utf8mb4_unicode_ci,
  `cancelled_at` int DEFAULT NULL,
  `created_at` int NOT NULL,
  `finished_at` int DEFAULT NULL
) ENGINE=InnoDB DEFAULT CHARSET=utf8mb4 COLLATE=utf8mb4_unicode_ci;

-- --------------------------------------------------------

--
-- Table structure for table `migrations`
--

CREATE TABLE `migrations` (
  `id` int UNSIGNED NOT NULL,
  `migration` varchar(255) COLLATE utf8mb4_unicode_ci NOT NULL,
  `batch` int NOT NULL
) ENGINE=InnoDB DEFAULT CHARSET=utf8mb4 COLLATE=utf8mb4_unicode_ci;

--
-- Dumping data for table `migrations`
--

INSERT INTO `migrations` (`id`, `migration`, `batch`) VALUES
(1, '0001_01_01_000000_create_users_table', 1),
(2, '0001_01_01_000001_create_cache_table', 1),
(3, '0001_01_01_000002_create_jobs_table', 1),
(4, '2025_01_17_223402_add_two_factor_columns_to_users_table', 1),
(5, '2025_01_17_223516_create_personal_access_tokens_table', 1),
(6, '2025_01_17_225100_create_permission_tables', 1),
(7, '2025_01_18_035136_create_cars_table', 1),
(8, '2025_01_18_035257_create_rentals_table', 1);

-- --------------------------------------------------------

--
-- Table structure for table `model_has_permissions`
--

CREATE TABLE `model_has_permissions` (
  `permission_id` bigint UNSIGNED NOT NULL,
  `model_type` varchar(255) COLLATE utf8mb4_unicode_ci NOT NULL,
  `model_id` bigint UNSIGNED NOT NULL
) ENGINE=InnoDB DEFAULT CHARSET=utf8mb4 COLLATE=utf8mb4_unicode_ci;

-- --------------------------------------------------------

--
-- Table structure for table `model_has_roles`
--

CREATE TABLE `model_has_roles` (
  `role_id` bigint UNSIGNED NOT NULL,
  `model_type` varchar(255) COLLATE utf8mb4_unicode_ci NOT NULL,
  `model_id` bigint UNSIGNED NOT NULL
) ENGINE=InnoDB DEFAULT CHARSET=utf8mb4 COLLATE=utf8mb4_unicode_ci;

--
-- Dumping data for table `model_has_roles`
--

INSERT INTO `model_has_roles` (`role_id`, `model_type`, `model_id`) VALUES
(3, 'App\\Models\\User', 1),
(1, 'App\\Models\\User', 2),
(2, 'App\\Models\\User', 3);

-- --------------------------------------------------------

--
-- Table structure for table `password_reset_tokens`
--

CREATE TABLE `password_reset_tokens` (
  `email` varchar(255) COLLATE utf8mb4_unicode_ci NOT NULL,
  `token` varchar(255) COLLATE utf8mb4_unicode_ci NOT NULL,
  `created_at` timestamp NULL DEFAULT NULL
) ENGINE=InnoDB DEFAULT CHARSET=utf8mb4 COLLATE=utf8mb4_unicode_ci;

-- --------------------------------------------------------

--
-- Table structure for table `permissions`
--

CREATE TABLE `permissions` (
  `id` bigint UNSIGNED NOT NULL,
  `name` varchar(255) COLLATE utf8mb4_unicode_ci NOT NULL,
  `guard_name` varchar(255) COLLATE utf8mb4_unicode_ci NOT NULL,
  `created_at` timestamp NULL DEFAULT NULL,
  `updated_at` timestamp NULL DEFAULT NULL
) ENGINE=InnoDB DEFAULT CHARSET=utf8mb4 COLLATE=utf8mb4_unicode_ci;

--
-- Dumping data for table `permissions`
--

INSERT INTO `permissions` (`id`, `name`, `guard_name`, `created_at`, `updated_at`) VALUES
(1, 'manage cars', 'web', '2025-01-18 08:07:45', '2025-01-18 08:07:45'),
(2, 'manage rentals', 'web', '2025-01-18 08:07:45', '2025-01-18 08:07:45'),
(3, 'manage rentalsAll', 'web', '2025-01-18 08:07:45', '2025-01-18 08:07:45');

-- --------------------------------------------------------

--
-- Table structure for table `personal_access_tokens`
--

CREATE TABLE `personal_access_tokens` (
  `id` bigint UNSIGNED NOT NULL,
  `tokenable_type` varchar(255) COLLATE utf8mb4_unicode_ci NOT NULL,
  `tokenable_id` bigint UNSIGNED NOT NULL,
  `name` varchar(255) COLLATE utf8mb4_unicode_ci NOT NULL,
  `token` varchar(64) COLLATE utf8mb4_unicode_ci NOT NULL,
  `abilities` text COLLATE utf8mb4_unicode_ci,
  `last_used_at` timestamp NULL DEFAULT NULL,
  `expires_at` timestamp NULL DEFAULT NULL,
  `created_at` timestamp NULL DEFAULT NULL,
  `updated_at` timestamp NULL DEFAULT NULL
) ENGINE=InnoDB DEFAULT CHARSET=utf8mb4 COLLATE=utf8mb4_unicode_ci;

-- --------------------------------------------------------

--
-- Table structure for table `rentals`
--

CREATE TABLE `rentals` (
  `id` bigint UNSIGNED NOT NULL,
  `user_id` bigint UNSIGNED NOT NULL,
  `car_id` bigint UNSIGNED NOT NULL,
  `start_date` date NOT NULL,
  `end_date` date NOT NULL,
  `total_cost` decimal(10,2) NOT NULL,
  `status` enum('ongoing','returned') COLLATE utf8mb4_unicode_ci NOT NULL DEFAULT 'ongoing',
  `created_at` timestamp NULL DEFAULT NULL,
  `updated_at` timestamp NULL DEFAULT NULL
) ENGINE=InnoDB DEFAULT CHARSET=utf8mb4 COLLATE=utf8mb4_unicode_ci;

--
-- Dumping data for table `rentals`
--

INSERT INTO `rentals` (`id`, `user_id`, `car_id`, `start_date`, `end_date`, `total_cost`, `status`, `created_at`, `updated_at`) VALUES
(2, 2, 1, '2025-01-19', '2025-01-21', '1800000.00', 'returned', '2025-01-18 15:54:14', '2025-01-18 15:54:27'),
(3, 2, 1, '2025-01-19', '2025-01-28', '8100000.00', 'returned', '2025-01-18 16:04:26', '2025-01-19 02:51:57'),
(4, 3, 2, '2025-01-19', '2025-01-22', '300000.00', 'returned', '2025-01-19 02:39:17', '2025-01-19 02:55:56'),
(5, 3, 1, '2025-01-19', '2025-01-29', '9000000.00', 'returned', '2025-01-19 02:52:27', '2025-01-19 03:10:08'),
(6, 3, 1, '2025-01-19', '2025-01-27', '7200000.00', 'ongoing', '2025-01-19 03:32:02', '2025-01-19 03:32:02');

-- --------------------------------------------------------

--
-- Table structure for table `roles`
--

CREATE TABLE `roles` (
  `id` bigint UNSIGNED NOT NULL,
  `name` varchar(255) COLLATE utf8mb4_unicode_ci NOT NULL,
  `guard_name` varchar(255) COLLATE utf8mb4_unicode_ci NOT NULL,
  `created_at` timestamp NULL DEFAULT NULL,
  `updated_at` timestamp NULL DEFAULT NULL
) ENGINE=InnoDB DEFAULT CHARSET=utf8mb4 COLLATE=utf8mb4_unicode_ci;

--
-- Dumping data for table `roles`
--

INSERT INTO `roles` (`id`, `name`, `guard_name`, `created_at`, `updated_at`) VALUES
(1, 'admin', 'web', '2025-01-18 08:07:45', '2025-01-18 08:07:45'),
(2, 'user', 'web', '2025-01-18 08:07:46', '2025-01-18 08:07:46'),
(3, 'super_admin', 'web', '2025-01-18 08:07:46', '2025-01-18 08:07:46');

-- --------------------------------------------------------

--
-- Table structure for table `role_has_permissions`
--

CREATE TABLE `role_has_permissions` (
  `permission_id` bigint UNSIGNED NOT NULL,
  `role_id` bigint UNSIGNED NOT NULL
) ENGINE=InnoDB DEFAULT CHARSET=utf8mb4 COLLATE=utf8mb4_unicode_ci;

--
-- Dumping data for table `role_has_permissions`
--

INSERT INTO `role_has_permissions` (`permission_id`, `role_id`) VALUES
(2, 1),
(2, 2);

-- --------------------------------------------------------

--
-- Table structure for table `sessions`
--

CREATE TABLE `sessions` (
  `id` varchar(255) COLLATE utf8mb4_unicode_ci NOT NULL,
  `user_id` bigint UNSIGNED DEFAULT NULL,
  `ip_address` varchar(45) COLLATE utf8mb4_unicode_ci DEFAULT NULL,
  `user_agent` text COLLATE utf8mb4_unicode_ci,
  `payload` longtext COLLATE utf8mb4_unicode_ci NOT NULL,
  `last_activity` int NOT NULL
) ENGINE=InnoDB DEFAULT CHARSET=utf8mb4 COLLATE=utf8mb4_unicode_ci;

--
-- Dumping data for table `sessions`
--

INSERT INTO `sessions` (`id`, `user_id`, `ip_address`, `user_agent`, `payload`, `last_activity`) VALUES
('0WLza4JezKEusGawDK1UmpTfJ15V4MGVhRQu3AQM', 1, '127.0.0.1', 'Mozilla/5.0 (Windows NT 10.0; Win64; x64) AppleWebKit/537.36 (KHTML, like Gecko) Chrome/132.0.0.0 Safari/537.36', 'YTo1OntzOjY6Il90b2tlbiI7czo0MDoidG9EY1Fkd2dTWm9OTGJ0YjE3Y2cyaXZ0TEpiWXBpMHJGTVduZjZXaCI7czo5OiJfcHJldmlvdXMiO2E6MTp7czozOiJ1cmwiO3M6NTQ6Imh0dHA6Ly8xMjcuMC4wLjE6ODAwMC9hZG1pbi9yZW50YWxzQWxsP3NlYXJjaD0mc3RhdHVzPSI7fXM6NjoiX2ZsYXNoIjthOjI6e3M6Mzoib2xkIjthOjA6e31zOjM6Im5ldyI7YTowOnt9fXM6NTA6ImxvZ2luX3dlYl81OWJhMzZhZGRjMmIyZjk0MDE1ODBmMDE0YzdmNThlYTRlMzA5ODlkIjtpOjE7czoyMToicGFzc3dvcmRfaGFzaF9zYW5jdHVtIjtzOjYwOiIkMnkkMTIkTFdvVDlSMmwyeGxOTFB0MUJjVFZ1Li5yMUxqUUgyYXYxbWNrbFJBa3RncnI4VVpRUUp2T2EiO30=', 1737292219),
('9RS7ugABIEf7kjpoDeIXbpssnyNYlYuZ00FDagLT', 3, '127.0.0.1', 'Mozilla/5.0 (Windows NT 10.0; Win64; x64) AppleWebKit/537.36 (KHTML, like Gecko) Chrome/131.0.0.0 Safari/537.36', 'YTo1OntzOjY6Il90b2tlbiI7czo0MDoic0FBU2FpODRWc1pNdE5JaWVBTk1rNWdPczJHc3NxSTF1NW9qaWZkYyI7czo5OiJfcHJldmlvdXMiO2E6MTp7czozOiJ1cmwiO3M6MzU6Imh0dHA6Ly8xMjcuMC4wLjE6ODAwMC9hZG1pbi9yZW50YWxzIjt9czo2OiJfZmxhc2giO2E6Mjp7czozOiJvbGQiO2E6MDp7fXM6MzoibmV3IjthOjA6e319czo1MDoibG9naW5fd2ViXzU5YmEzNmFkZGMyYjJmOTQwMTU4MGYwMTRjN2Y1OGVhNGUzMDk4OWQiO2k6MztzOjIxOiJwYXNzd29yZF9oYXNoX3NhbmN0dW0iO3M6NjA6IiQyeSQxMiRra25UcEZoZVJLZUE2OEZwamlrTWEueFhrOFp1djk2aDZGbVlJcDd2bjh4Q1I5ZVdVQjRhLiI7fQ==', 1737292039),
('avGNDWcWcQAu1zWWz8uys7cESVbLuTUjIcydphUQ', NULL, '127.0.0.1', 'Mozilla/5.0 (Windows NT 10.0; Win64; x64) AppleWebKit/537.36 (KHTML, like Gecko) Chrome/131.0.0.0 Safari/537.36 Edg/131.0.0.0', 'YTozOntzOjY6Il90b2tlbiI7czo0MDoiTmZqblJtSURyZmprWmtpSGZJd245RlJkTG5ZRW10YzBTRG16Z2lOWCI7czo5OiJfcHJldmlvdXMiO2E6MTp7czozOiJ1cmwiO3M6Mjc6Imh0dHA6Ly8xMjcuMC4wLjE6ODAwMC9sb2dpbiI7fXM6NjoiX2ZsYXNoIjthOjI6e3M6Mzoib2xkIjthOjA6e31zOjM6Im5ldyI7YTowOnt9fX0=', 1737292403);

-- --------------------------------------------------------

--
-- Table structure for table `users`
--

CREATE TABLE `users` (
  `id` bigint UNSIGNED NOT NULL,
  `name` varchar(255) COLLATE utf8mb4_unicode_ci NOT NULL,
  `email` varchar(255) COLLATE utf8mb4_unicode_ci NOT NULL,
  `email_verified_at` timestamp NULL DEFAULT NULL,
  `password` varchar(255) COLLATE utf8mb4_unicode_ci NOT NULL,
  `two_factor_secret` text COLLATE utf8mb4_unicode_ci,
  `two_factor_recovery_codes` text COLLATE utf8mb4_unicode_ci,
  `two_factor_confirmed_at` timestamp NULL DEFAULT NULL,
  `remember_token` varchar(100) COLLATE utf8mb4_unicode_ci DEFAULT NULL,
  `current_team_id` bigint UNSIGNED DEFAULT NULL,
  `address` varchar(255) COLLATE utf8mb4_unicode_ci NOT NULL,
  `phone_number` varchar(255) COLLATE utf8mb4_unicode_ci NOT NULL,
  `driver_license` varchar(255) COLLATE utf8mb4_unicode_ci NOT NULL,
  `profile_photo_path` varchar(2048) COLLATE utf8mb4_unicode_ci DEFAULT NULL,
  `created_at` timestamp NULL DEFAULT NULL,
  `updated_at` timestamp NULL DEFAULT NULL
) ENGINE=InnoDB DEFAULT CHARSET=utf8mb4 COLLATE=utf8mb4_unicode_ci;

--
-- Dumping data for table `users`
--

INSERT INTO `users` (`id`, `name`, `email`, `email_verified_at`, `password`, `two_factor_secret`, `two_factor_recovery_codes`, `two_factor_confirmed_at`, `remember_token`, `current_team_id`, `address`, `phone_number`, `driver_license`, `profile_photo_path`, `created_at`, `updated_at`) VALUES
(1, 'Super Admin', 'muhradifansyah@gmail.com', NULL, '$2y$12$LWoT9R2l2xlNLPt1BcTVu..r1LjQH2av1mcklRAktgrr8UZQQJvOa', NULL, NULL, NULL, NULL, NULL, 'Lauwo, Kec. Buntulia, Kabupaten Pohuwato, Gorontalo', '085340000000', 'B 1234567', NULL, '2025-01-18 08:07:46', '2025-01-18 08:07:46'),
(2, 'Rudyard Newton', 'user@gmail.com', NULL, '$2y$12$Fw4u9Sl1cSlOm1EtdMYWoOKqPmRU31l6wetIGLXa2Bi1s9prFlWpq', NULL, NULL, NULL, NULL, NULL, 'Quis non molestiae i', '23234234', 'Magni ut et unde con', NULL, '2025-01-18 08:08:54', '2025-01-18 08:08:54'),
(3, 'Andika', 'andika@gmail.com', NULL, '$2y$12$kknTpFheRKeA68FpjikMa.xXk8Zuv96h6FmYIp7vn8xCR9eWUB4a.', NULL, NULL, NULL, NULL, NULL, 'Jompi', '0973975759', 'jlaksjdflj', NULL, '2025-01-18 16:03:19', '2025-01-18 16:03:19');

--
-- Indexes for dumped tables
--

--
-- Indexes for table `cache`
--
ALTER TABLE `cache`
  ADD PRIMARY KEY (`key`);

--
-- Indexes for table `cache_locks`
--
ALTER TABLE `cache_locks`
  ADD PRIMARY KEY (`key`);

--
-- Indexes for table `cars`
--
ALTER TABLE `cars`
  ADD PRIMARY KEY (`id`),
  ADD UNIQUE KEY `cars_license_plate_unique` (`license_plate`);

--
-- Indexes for table `failed_jobs`
--
ALTER TABLE `failed_jobs`
  ADD PRIMARY KEY (`id`),
  ADD UNIQUE KEY `failed_jobs_uuid_unique` (`uuid`);

--
-- Indexes for table `jobs`
--
ALTER TABLE `jobs`
  ADD PRIMARY KEY (`id`),
  ADD KEY `jobs_queue_index` (`queue`);

--
-- Indexes for table `job_batches`
--
ALTER TABLE `job_batches`
  ADD PRIMARY KEY (`id`);

--
-- Indexes for table `migrations`
--
ALTER TABLE `migrations`
  ADD PRIMARY KEY (`id`);

--
-- Indexes for table `model_has_permissions`
--
ALTER TABLE `model_has_permissions`
  ADD PRIMARY KEY (`permission_id`,`model_id`,`model_type`),
  ADD KEY `model_has_permissions_model_id_model_type_index` (`model_id`,`model_type`);

--
-- Indexes for table `model_has_roles`
--
ALTER TABLE `model_has_roles`
  ADD PRIMARY KEY (`role_id`,`model_id`,`model_type`),
  ADD KEY `model_has_roles_model_id_model_type_index` (`model_id`,`model_type`);

--
-- Indexes for table `password_reset_tokens`
--
ALTER TABLE `password_reset_tokens`
  ADD PRIMARY KEY (`email`);

--
-- Indexes for table `permissions`
--
ALTER TABLE `permissions`
  ADD PRIMARY KEY (`id`),
  ADD UNIQUE KEY `permissions_name_guard_name_unique` (`name`,`guard_name`);

--
-- Indexes for table `personal_access_tokens`
--
ALTER TABLE `personal_access_tokens`
  ADD PRIMARY KEY (`id`),
  ADD UNIQUE KEY `personal_access_tokens_token_unique` (`token`),
  ADD KEY `personal_access_tokens_tokenable_type_tokenable_id_index` (`tokenable_type`,`tokenable_id`);

--
-- Indexes for table `rentals`
--
ALTER TABLE `rentals`
  ADD PRIMARY KEY (`id`),
  ADD KEY `rentals_user_id_foreign` (`user_id`),
  ADD KEY `rentals_car_id_foreign` (`car_id`);

--
-- Indexes for table `roles`
--
ALTER TABLE `roles`
  ADD PRIMARY KEY (`id`),
  ADD UNIQUE KEY `roles_name_guard_name_unique` (`name`,`guard_name`);

--
-- Indexes for table `role_has_permissions`
--
ALTER TABLE `role_has_permissions`
  ADD PRIMARY KEY (`permission_id`,`role_id`),
  ADD KEY `role_has_permissions_role_id_foreign` (`role_id`);

--
-- Indexes for table `sessions`
--
ALTER TABLE `sessions`
  ADD PRIMARY KEY (`id`),
  ADD KEY `sessions_user_id_index` (`user_id`),
  ADD KEY `sessions_last_activity_index` (`last_activity`);

--
-- Indexes for table `users`
--
ALTER TABLE `users`
  ADD PRIMARY KEY (`id`),
  ADD UNIQUE KEY `users_email_unique` (`email`);

--
-- AUTO_INCREMENT for dumped tables
--

--
-- AUTO_INCREMENT for table `cars`
--
ALTER TABLE `cars`
  MODIFY `id` bigint UNSIGNED NOT NULL AUTO_INCREMENT, AUTO_INCREMENT=3;

--
-- AUTO_INCREMENT for table `failed_jobs`
--
ALTER TABLE `failed_jobs`
  MODIFY `id` bigint UNSIGNED NOT NULL AUTO_INCREMENT;

--
-- AUTO_INCREMENT for table `jobs`
--
ALTER TABLE `jobs`
  MODIFY `id` bigint UNSIGNED NOT NULL AUTO_INCREMENT;

--
-- AUTO_INCREMENT for table `migrations`
--
ALTER TABLE `migrations`
  MODIFY `id` int UNSIGNED NOT NULL AUTO_INCREMENT, AUTO_INCREMENT=9;

--
-- AUTO_INCREMENT for table `permissions`
--
ALTER TABLE `permissions`
  MODIFY `id` bigint UNSIGNED NOT NULL AUTO_INCREMENT, AUTO_INCREMENT=4;

--
-- AUTO_INCREMENT for table `personal_access_tokens`
--
ALTER TABLE `personal_access_tokens`
  MODIFY `id` bigint UNSIGNED NOT NULL AUTO_INCREMENT;

--
-- AUTO_INCREMENT for table `rentals`
--
ALTER TABLE `rentals`
  MODIFY `id` bigint UNSIGNED NOT NULL AUTO_INCREMENT, AUTO_INCREMENT=7;

--
-- AUTO_INCREMENT for table `roles`
--
ALTER TABLE `roles`
  MODIFY `id` bigint UNSIGNED NOT NULL AUTO_INCREMENT, AUTO_INCREMENT=4;

--
-- AUTO_INCREMENT for table `users`
--
ALTER TABLE `users`
  MODIFY `id` bigint UNSIGNED NOT NULL AUTO_INCREMENT, AUTO_INCREMENT=4;

--
-- Constraints for dumped tables
--

--
-- Constraints for table `model_has_permissions`
--
ALTER TABLE `model_has_permissions`
  ADD CONSTRAINT `model_has_permissions_permission_id_foreign` FOREIGN KEY (`permission_id`) REFERENCES `permissions` (`id`) ON DELETE CASCADE;

--
-- Constraints for table `model_has_roles`
--
ALTER TABLE `model_has_roles`
  ADD CONSTRAINT `model_has_roles_role_id_foreign` FOREIGN KEY (`role_id`) REFERENCES `roles` (`id`) ON DELETE CASCADE;

--
-- Constraints for table `rentals`
--
ALTER TABLE `rentals`
  ADD CONSTRAINT `rentals_car_id_foreign` FOREIGN KEY (`car_id`) REFERENCES `cars` (`id`) ON DELETE CASCADE,
  ADD CONSTRAINT `rentals_user_id_foreign` FOREIGN KEY (`user_id`) REFERENCES `users` (`id`) ON DELETE CASCADE;

--
-- Constraints for table `role_has_permissions`
--
ALTER TABLE `role_has_permissions`
  ADD CONSTRAINT `role_has_permissions_permission_id_foreign` FOREIGN KEY (`permission_id`) REFERENCES `permissions` (`id`) ON DELETE CASCADE,
  ADD CONSTRAINT `role_has_permissions_role_id_foreign` FOREIGN KEY (`role_id`) REFERENCES `roles` (`id`) ON DELETE CASCADE;
COMMIT;

/*!40101 SET CHARACTER_SET_CLIENT=@OLD_CHARACTER_SET_CLIENT */;
/*!40101 SET CHARACTER_SET_RESULTS=@OLD_CHARACTER_SET_RESULTS */;
/*!40101 SET COLLATION_CONNECTION=@OLD_COLLATION_CONNECTION */;
